{
   "delay": -0.24186158180236816,
   "rotation": {
      "i": -0.019289074133563573,
      "j": -0.00020261433704806022,
      "k": -0.7003171769215027,
      "w": 0.7135711192832829
   },
   "translation": {
      "x": -0.04645341495108344,
      "y": 0.02391376412738885,
      "z": -0.05530229531706901
   }
}